Title,Source
U.S. investors seek comfort in flood of data,reuters
Honda says 16th U.S. death confirmed in air bag rupture,reuters
Daimler asks EU antitrust regulators to probe Nokia patents,reuters
Take Five: The shape of you - world market themes for the week ahead,reuters
Southwest to keep Boeing 737 MAX off schedules through May instead of April 20: company memo,reuters
Lyft shares soar on Nasdaq debut setting stage for Uber,reuters
White House calls for Fed to reverse U.S. rate hikes,reuters
Trade hopes lift Wall Street; S&amp;P 500 notches best quarter since 2009,reuters
Exclusive: Trump eyeing stepped-up Venezuela sanctions for foreign companies - Bolton,reuters
U.S. China report progress in Beijing trade talks,reuters
Fed policymakers do not want rate cuts not even the doves,reuters
Outsider CEO won't be a quick fix for Wells Fargo: analysts,reuters
Factbox: Five challenges in store for Wells Fargo's next CEO,reuters
Trump tries fresh approach with long-delayed Keystone XL pipeline,reuters
Apple in rare reversal pulls plug on wireless charging mat,reuters
Trade hopes buoy stocks Brexit setback hits pound,reuters
Factbox: Venture backers reap multibillion-dollar payday in Lyft IPO,reuters
White House's Kudlow says U.S.-China trade talks making headway,reuters
U.S. consumer spending soft inflation benign as economy slows,reuters
Anti-stall system active before Ethiopian 737 MAX crash: sources,reuters
The Fed: White House’s Kudlow calls for Fed to ‘immediately’ make half-point cut — and then walks it back a bit,marketwatch
Cryptos: Bitcoin hits 5-week high set for back-to-back winning months ,marketwatch
Market Snapshot: Dow rallies more than 200 points as S&amp;P 500 logs its best quarterly advance since 2009,marketwatch
Howard Gold's No-Nonsense Investing: Don’t buy Lyft and other money-losing IPOs ,marketwatch
Economic Report: Mortgage rates plunge at the fastest pace in a decade as growth fears resurface,marketwatch
The Ratings Game: Wells Fargo CEO retirement leads both a long-time bull and bear to change their view,marketwatch
Bond Report: Treasury yields clinch biggest monthly decline since December,marketwatch
The Moneyist: Three husbands and one boyfriend tried to cheat me out of my money and home,marketwatch
Cryptos: Here’s the probability bitcoin hits $10000 by September according to options traders,marketwatch
